{
  "step": "park_test",
  "target": 1,
  "motor": "drum",
  "label": null,
  "timestamp_iso": "2026-06-19T08:31:20",
  "script": "test_park.py",
  "argv": [
    "-t",
    "1",
    "--step",
    "0.25",
    "--c",
    "2.82e-3",
    "--b",
    "2.28e-4",
    "--a",
    "2.70e-5",
    "--J",
    "7.30e-3",
    "--velocity-limit",
    "1",
    "--accel-limit",
    "2",
    "--no-show"
  ],
  "files": [
    "park_test.csv",
    "park_test.svg"
  ],
  "step_rev": 0.25,
  "hold_s": 4.0,
  "c": 0.00282,
  "b": 0.000228,
  "a": 2.7e-05,
  "J": 0.0073,
  "velocity_limit": 1.0,
  "accel_limit": 2.0,
  "metrics": {
    "no FF": {
      "target": 27.835479736328125,
      "ss_err": -0.09345097695627658,
      "overshoot": -33.526611328125,
      "settle_t": NaN,
      "hold_jitter": 0.0078070928534540816
    },
    "FF ref": {
      "target": 28.002883911132812,
      "ss_err": -0.03322071140095417,
      "overshoot": -5.401611328125,
      "settle_t": NaN,
      "hold_jitter": 0.018583201979680754
    }
  },
  "git_commit": "01314ad"
}