{
  "step": "position_gains",
  "target": 1,
  "motor": "drum",
  "label": null,
  "timestamp_iso": "2026-06-18T22:01:25",
  "script": "compute_position_gains.py",
  "argv": [
    "--J",
    "7.30e-3",
    "--kd",
    "0.02",
    "--omega-a",
    "23.1",
    "--zeta",
    "0.8",
    "--target",
    "1"
  ],
  "J_Nm_per_revs2": 0.0073,
  "kd_ceiling": 0.02,
  "omega_a_rad_s": 23.1,
  "omega_n_rad_s": 3.0684931506849313,
  "omega_n_hz": 0.4883658527751309,
  "zeta": 0.8,
  "fc_hz": 200.0,
  "w_routh_rad_s": 3.0684931506849313,
  "routh_margin": 0.7,
  "ki_ceiling": 0.26901857759429537,
  "routh_ok": true,
  "ratio_i": null,
  "frame": "motor frame (rotor_to_output_ratio = 1)",
  "kp": 0.09819178082191782,
  "ki": 0.18831300431600675,
  "kd": 0.02,
  "git_commit": "01314ad"
}