{
  "step": "stiction",
  "target": 1,
  "motor": "drum",
  "label": null,
  "timestamp_iso": "2026-06-17T13:13:24",
  "script": "measure_stiction.py",
  "argv": [
    "-t",
    "1",
    "--trials",
    "6"
  ],
  "rate_Nm_per_s": 0.005,
  "max_torque_Nm": 0.05,
  "move_threshold_rev": 0.004,
  "trials": 6,
  "T_s_fwd_Nm": 0.002648251146601979,
  "T_s_rev_Nm": 0.0016531163191636248,
  "T_s_mean_Nm": 0.0021506837328828018,
  "T_s_max_Nm": 0.0033471066650236025,
  "T_s_std_Nm": 0.0006290430686213852,
  "breakaway_fwd_Nm": [
    0.0033471066650236025,
    0.002704249169910327,
    0.0020718241698341445,
    0.0024781729199457913,
    0.002129949374939315,
    0.003158204579958692
  ],
  "breakaway_rev_Nm": [
    0.0021755274999304677,
    0.0016362518747337163,
    0.001531631250109058,
    0.0017232308301026933,
    0.001421967085043434,
    0.00143008937506238
  ],
  "git_commit": "01314ad"
}