accel,ratio,slip,wm,peak_tau
13.0,4.240963082227593,0.0,2.6607190668582916,0.14809511601924896
18.2,4.2148686112505125,-0.006152958766944661,3.0555487804590387,0.18353956937789917
