{
  "step": "park_test",
  "target": 1,
  "motor": "drum",
  "label": null,
  "timestamp_iso": "2026-06-19T07:53:17",
  "script": "test_park.py",
  "argv": [
    "-t",
    "1",
    "--step",
    "0.25",
    "--c",
    "2.82e-3",
    "--b",
    "2.28e-4",
    "--a",
    "2.70e-5",
    "--J",
    "7.30e-3",
    "--velocity-limit",
    "1",
    "--accel-limit",
    "2",
    "--no-show"
  ],
  "files": [
    "park_test.csv",
    "park_test.svg"
  ],
  "step_rev": 0.25,
  "hold_s": 4.0,
  "c": 0.00282,
  "b": 0.000228,
  "a": 2.7e-05,
  "J": 0.0073,
  "velocity_limit": 1.0,
  "accel_limit": 2.0,
  "metrics": {
    "no FF": {
      "target": 17.8763427734375,
      "ss_err": -0.047699943421378066,
      "overshoot": -16.815185546875,
      "settle_t": NaN,
      "hold_jitter": 0.0065273935236712256
    },
    "FF (fric+inertia)": {
      "target": 18.07855224609375,
      "ss_err": 0.023017035590278567,
      "overshoot": 9.53369140625,
      "settle_t": NaN,
      "hold_jitter": 0.00013154247778488247
    }
  },
  "git_commit": "01314ad"
}