{
  "step": "position_gains",
  "target": null,
  "motor": "calc",
  "label": null,
  "timestamp_iso": "2026-06-19T10:28:10",
  "script": "compute_position_gains.py",
  "argv": [
    "--J",
    "2.29e-3",
    "--omega-a",
    "62.6",
    "--kd",
    "0.02"
  ],
  "J_Nm_per_revs2": 0.00229,
  "kd_ceiling": 0.02,
  "omega_a_rad_s": 62.6,
  "omega_n_rad_s": 9.781659388646288,
  "omega_n_hz": 1.5567994433443038,
  "zeta": 0.8,
  "fc_hz": 200.0,
  "w_routh_rad_s": 9.781659388646288,
  "routh_margin": 0.7,
  "ki_ceiling": 2.733738868442631,
  "routh_ok": true,
  "ratio_i": null,
  "frame": "motor frame (rotor_to_output_ratio = 1)",
  "kp": 0.31301310043668124,
  "ki": 1.9136172079098415,
  "kd": 0.02,
  "git_commit": "01314ad"
}