{
  "step": "stiction",
  "target": 1,
  "motor": "drum",
  "label": null,
  "timestamp_iso": "2026-06-18T15:34:05",
  "script": "measure_stiction.py",
  "argv": [
    "-t",
    "1"
  ],
  "rate_Nm_per_s": 0.005,
  "max_torque_Nm": 0.05,
  "move_threshold_rev": 0.004,
  "trials": 6,
  "T_s_fwd_Nm": 0.0042281005557742906,
  "T_s_rev_Nm": 0.001349918820875852,
  "T_s_mean_Nm": 0.0027890096883250713,
  "T_s_max_Nm": 0.004481510209734552,
  "T_s_std_Nm": 0.0014617269646949166,
  "breakaway_fwd_Nm": [
    0.003851693540054839,
    0.004223936664930079,
    0.004341983125195839,
    0.004481510209734552,
    0.0040962212497834116,
    0.004373258544947021
  ],
  "breakaway_rev_Nm": [
    0.0019614416698459534,
    0.0012490695851738564,
    0.0013388481250149198,
    0.00137653854500968,
    0.0011467783350963146,
    0.001026836665114388
  ],
  "git_commit": "01314ad"
}