{
  "step": "park_test",
  "target": 1,
  "motor": "drum",
  "label": null,
  "timestamp_iso": "2026-06-19T07:43:01",
  "script": "test_park.py",
  "argv": [
    "-t",
    "1",
    "--step",
    "0.25",
    "--c",
    "2.82e-3",
    "--b",
    "2.28e-4",
    "--a",
    "2.70e-5",
    "--J",
    "7.30e-3",
    "--velocity-limit",
    "1",
    "--accel-limit",
    "2",
    "--no-show"
  ],
  "files": [
    "park_test.csv",
    "park_test.svg"
  ],
  "step_rev": 0.25,
  "hold_s": 4.0,
  "c": 0.00282,
  "b": 0.000228,
  "a": 2.7e-05,
  "J": 0.0073,
  "velocity_limit": 1.0,
  "accel_limit": 2.0,
  "metrics": {
    "no FF": {
      "target": 0.116302490234375,
      "ss_err": 0.004129824431046189,
      "overshoot": 24.017333984375,
      "settle_t": 3.993845833989326,
      "hold_jitter": 0.013214057562886402
    },
    "FF (fric+inertia)": {
      "target": 0.3705902099609375,
      "ss_err": 0.0012254714965820312,
      "overshoot": 22.650146484375,
      "settle_t": 3.9793806669767946,
      "hold_jitter": 0.013308736993518722
    }
  },
  "git_commit": "01314ad"
}