{
  "step": "park_test",
  "target": 1,
  "motor": "drum",
  "label": null,
  "timestamp_iso": "2026-06-18T22:55:33",
  "script": "test_park.py",
  "argv": [
    "-t",
    "1",
    "--step",
    "0.25",
    "--c",
    "2.82e-3",
    "--b",
    "2.28e-4",
    "--a",
    "2.70e-5",
    "--J",
    "7.30e-3",
    "--velocity-limit",
    "1",
    "--accel-limit",
    "2",
    "--no-show"
  ],
  "files": [
    "park_test.csv",
    "park_test.svg"
  ],
  "step_rev": 0.25,
  "hold_s": 4.0,
  "c": 0.00282,
  "b": 0.000228,
  "a": 2.7e-05,
  "J": 0.0073,
  "velocity_limit": 1.0,
  "accel_limit": 2.0,
  "metrics": {
    "no FF": {
      "target": -0.2076416015625,
      "ss_err": -0.2370004653930664,
      "overshoot": -94.39697265625,
      "settle_t": NaN,
      "hold_jitter": 3.5780555685045124e-05
    },
    "FF (fric+inertia)": {
      "target": -0.1996307373046875,
      "ss_err": -0.2451460867217093,
      "overshoot": -97.607421875,
      "settle_t": NaN,
      "hold_jitter": 2.9193649907429763e-05
    }
  },
  "git_commit": "01314ad"
}