{
  "step": "park_test",
  "target": 1,
  "motor": "drum",
  "label": null,
  "timestamp_iso": "2026-06-19T08:19:02",
  "script": "test_park.py",
  "argv": [
    "-t",
    "1",
    "--step",
    "0.25",
    "--c",
    "2.82e-3",
    "--b",
    "2.28e-4",
    "--a",
    "2.70e-5",
    "--J",
    "7.30e-3",
    "--velocity-limit",
    "1",
    "--accel-limit",
    "2",
    "--no-show"
  ],
  "files": [
    "park_test.csv",
    "park_test.svg"
  ],
  "step_rev": 0.25,
  "hold_s": 4.0,
  "c": 0.00282,
  "b": 0.000228,
  "a": 2.7e-05,
  "J": 0.0073,
  "velocity_limit": 1.0,
  "accel_limit": 2.0,
  "metrics": {
    "no FF": {
      "target": 27.270294189453125,
      "ss_err": 0.03656746359432361,
      "overshoot": 16.54052734375,
      "settle_t": NaN,
      "hold_jitter": 0.0002505723553892678
    },
    "FF ref": {
      "target": 27.555465698242188,
      "ss_err": 0.022884984170236322,
      "overshoot": 24.40185546875,
      "settle_t": NaN,
      "hold_jitter": 0.00029454592559436424
    }
  },
  "git_commit": "01314ad"
}