{
  "step": "kd_sweep",
  "target": 1,
  "motor": "drum",
  "label": null,
  "timestamp_iso": "2026-06-18T21:45:04",
  "script": "sweep_kd.py",
  "argv": [
    "-t",
    "1",
    "--kds",
    "0.01,0.02,0.03,0.04,0.05,0.06,0.07,0.08,0.09,0.10,0.11,0.12",
    "--target-vel",
    "8",
    "--accel-limit",
    "8",
    "--no-show"
  ],
  "files": [
    "trace_kd_0.0100.csv",
    "trace_kd_0.0200.csv",
    "trace_kd_0.0300.csv",
    "trace_kd_0.0400.csv",
    "trace_kd_0.0500.csv",
    "trace_kd_0.0600.csv",
    "trace_kd_0.0700.csv",
    "trace_kd_0.0800.csv",
    "kd_sweep.csv",
    "kd_sweep.svg"
  ],
  "kds": [
    0.01,
    0.02,
    0.03,
    0.04,
    0.05,
    0.06,
    0.07,
    0.08,
    0.09,
    0.1,
    0.11,
    0.12
  ],
  "target_vel_rev_s": 8.0,
  "accel_limit_rev_s2": 8.0,
  "hf_cut_hz": 30.0,
  "hf_limit_rev_s": 0.05,
  "backoff": 0.66,
  "kd_original": 0.0,
  "kd_max_stable": 0.07,
  "kd_recommended": 0.046200000000000005,
  "max_torque_Nm": 0.25,
  "hf_baseline": 0.2962382010549396,
  "hf_threshold": 0.8887146031648188,
  "git_commit": "01314ad"
}