{
  "step": "park_test",
  "target": 1,
  "motor": "drum",
  "label": null,
  "timestamp_iso": "2026-06-18T22:39:16",
  "script": "test_park.py",
  "argv": [
    "-t",
    "1",
    "--step",
    "0.25",
    "--inertia",
    "9.82e-3",
    "--hold",
    "4",
    "--no-show"
  ],
  "files": [
    "park_test.csv",
    "park_test.svg"
  ],
  "step_rev": 0.25,
  "hold_s": 4.0,
  "inertia_ff_tested": 0.00982,
  "inertia_ff_original": 0.00982,
  "velocity_limit": 4.0,
  "accel_limit": 8.0,
  "metrics": {
    "inertia_ff off": {
      "target": 3782.791259765625,
      "ss_err": -0.002592941810235061,
      "overshoot": 38.37890625,
      "settle_t": 3.1410214999923483,
      "hold_jitter": 0.004552039519900421
    },
    "inertia_ff on": {
      "target": 3783.04541015625,
      "ss_err": 0.0010191902283622767,
      "overshoot": 97.0703125,
      "settle_t": 2.7307548749959096,
      "hold_jitter": 0.0007959017796500222
    }
  },
  "git_commit": "01314ad"
}