{
  "step": "park_test",
  "target": 1,
  "motor": "drum",
  "label": null,
  "timestamp_iso": "2026-06-19T07:46:37",
  "script": "test_park.py",
  "argv": [
    "-t",
    "1",
    "--step",
    "0.25",
    "--c",
    "2.82e-3",
    "--b",
    "2.28e-4",
    "--a",
    "2.70e-5",
    "--J",
    "7.30e-3",
    "--velocity-limit",
    "1",
    "--accel-limit",
    "2",
    "--no-show"
  ],
  "files": [
    "park_test.csv",
    "park_test.svg"
  ],
  "step_rev": 0.25,
  "hold_s": 4.0,
  "c": 0.00282,
  "b": 0.000228,
  "a": 2.7e-05,
  "J": 0.0073,
  "velocity_limit": 1.0,
  "accel_limit": 2.0,
  "metrics": {
    "no FF": {
      "target": 17.03680419921875,
      "ss_err": 0.0061232346754813705,
      "overshoot": 45.20263671875,
      "settle_t": 2.8435283749713562,
      "hold_jitter": 0.0025853960018004823
    },
    "FF (fric+inertia)": {
      "target": 17.289703369140625,
      "ss_err": -0.0027737087673607164,
      "overshoot": 17.76123046875,
      "settle_t": 1.9623744169948623,
      "hold_jitter": 0.00022940851593106906
    }
  },
  "git_commit": "01314ad"
}