{
  "step": "position_gains",
  "target": 1,
  "motor": "drum",
  "label": null,
  "timestamp_iso": "2026-06-18T21:49:19",
  "script": "compute_position_gains.py",
  "argv": [
    "--J",
    "7.30e-3",
    "--kd",
    "0.04",
    "--omega-a",
    "23.1",
    "--zeta",
    "0.8",
    "--target",
    "1"
  ],
  "J_Nm_per_revs2": 0.0073,
  "kd_ceiling": 0.04,
  "omega_a_rad_s": 23.1,
  "omega_n_rad_s": 6.136986301369863,
  "omega_n_hz": 0.9767317055502618,
  "zeta": 0.8,
  "fc_hz": 200.0,
  "w_routh_rad_s": 6.136986301369863,
  "routh_margin": 0.7,
  "ki_ceiling": 2.152148620754363,
  "routh_ok": true,
  "ratio_i": null,
  "frame": "motor frame (rotor_to_output_ratio = 1)",
  "kp": 0.39276712328767127,
  "ki": 1.506504034528054,
  "kd": 0.04,
  "git_commit": "01314ad"
}