kd,overshoot,hf_rms,v_ss,stable
0.01,7.403922080993652,0.2178264231823849,8.285896490455503,False
