{
  "step": "stiction",
  "target": 1,
  "motor": "drum",
  "label": null,
  "timestamp_iso": "2026-06-18T15:38:14",
  "script": "measure_stiction.py",
  "argv": [
    "-t",
    "1"
  ],
  "rate_Nm_per_s": 0.005,
  "max_torque_Nm": 0.1,
  "move_threshold_rev": 0.01,
  "trials": 6,
  "T_s_fwd_Nm": 0.005600671006686753,
  "T_s_rev_Nm": 0.002163357602500279,
  "T_s_mean_Nm": 0.0038820143045935154,
  "T_s_max_Nm": 0.006101032499864232,
  "T_s_std_Nm": 0.0017927607210947805,
  "breakaway_fwd_Nm": [
    0.005674864584871102,
    0.004900081875093747,
    0.00541395187494345,
    0.006101032499864232,
    0.005493651665165089,
    0.006020443540182896
  ],
  "breakaway_rev_Nm": [
    0.0021013464548741466,
    0.002477480414963793,
    0.00323580854019383,
    0.0012878675002139062,
    0.001809750414977316,
    0.0020678922897786832
  ],
  "git_commit": "01314ad"
}